Anupam Kher,The Best Thing About You Is You!, Rs. 279 
Kalli Purie,Confessions Of A Serial Dieter, Rs. 168 
Cyrus Broacha,The Average Indian Male, Rs. 139 
Kunal Basu,The Yellow Emperor's Cure, Rs. 349 
Aastha Atray,Mills And Boons His Monsoon Bride, Rs. 94 
Ahmed Faiyaz,Urban Shots: Crossroads, Rs. 149 
Anurag Anand,The Legend Of Amrapali, Rs. 150 
Satheesh Namasivayam,Leading Without Licence: Leadership The Anna Hazare Way, Rs. 105 
Benjamin Spock,Dr Spock's Baby &amp; Childcare, Rs. 263 
Kiran Manral,The Reluctant Detective, Rs. 146 
Jatin Gandhi,Rahul, Rs. 374 
Anonymous,Scammed: Confessions Of A Confused Accountant, Rs. 131 
Rajat Pillai,Chandragupta: Path Of A Fallen Demi-God, Rs. 131 
Ratika Kapur,Overwinter, Rs. 371 
Ameena Hussein,Blue: The Tranquebar Book Of Erotic Stories From Sri Lanka, Rs. 200 
Marc Ostrofsky,Get Rich Click, Rs. 263 
Shankar Acharya,India After The Global Crisis, Rs. 319 
Stephen M. R. Covey,Smart Trust, Rs. 449 
Jack Canfield,Chicken Soup For The Indian Soul: Teens Talk Growing Up, Rs. 146 
Namita Gokhale,The Habit Of Love, Rs. 200 
Himani Vashishta,Princess Of Falcons, Rs. 146 
Alexander Osterwalder,"Business Model Generation: A Handbook For Visionaries, Game Changers, And Challengers", Rs. 449 
Deepak Agarwal,Discover The Genius In Your Child, Rs. 120 
Barua A Et. Al.,Business Standard India 2012, Rs. 371 
Carl Hoffmann,Calculating Success: How The New Workplace Analytics Will Revitalize Your Organization, Rs. 746 
Mary Buffet,Warren Buffett'S Management Secrets, Rs. 281 
Scott D. Anthony,"The Little Black Book Of Innovation: How It Works, How To Do It", Rs. 525 
Mark Forsyth,The Etymologicon: A Circular Stroll Through The Hidden Connections Of The English Language, Rs. 374 
P C Cast,Goddess Of Troy: A Goddess Summoning Novel, Rs. 245 
Vijayendra Mohanty,Ravanayan (issue 4), Rs. 70 
Meenal Baghel,Death In Mumbai, Rs. 224 
Richard Blum,Linux Command Line And Shell Scripting Bible, Rs. 449 
Y. P. Singh,Carnage By Angels, Rs. 146 
Aporva Kala,Life...Love...Kumbh..., Rs. 150 
Sidin Vadukut,God Save The Dork, Rs. 254 
Excel Entertainment Pvt. Ltd.,DON 2: The Origin (Graphic Novel), Rs. 90 
D. Jagannatha Rao,Essence Of Hindu Religion And Philosophy, Rs. 371 
Armaan Farid,Stories From The Heart Of A Dreamer, Rs. 131 
Robin Sharma,The Secret Letters Of The Monk Who Sold His Ferrari, Rs. 163 
Dev Anand,Romancing With Life: An Autobiography, Rs. 279 
Kritika Malhotra,It's Always Been You, Rs. 94 
Rashmi Singh,Taming The Restless Mind, Rs. 113 
Vijayendra Haryal,The Break Up, Rs. 71 
Kiran Bedi,What Went Wrong And Why, Rs. 299 
Ahmed Faiyaz,"Love, Life &amp; All That Jazz...", Rs. 113 
David Baldacci,Zero Day, Rs. 245 
